City,Rent_Index,Safety_Index,Cost_of_Living,Purchasing_Power,Quality_of_Life
Zurich,83.16,65.74,99.67,115.31,39.25
Berlin,83.98,70.57,76.85,115.55,42.91
Rome,70.75,54.42,84.53,71.35,22.26
Budapest,113.73,55.38,33.29,88.06,25.76
Rome,25.45,33.95,58.11,64.04,24.9
Warsaw,107.62,76.6,80.67,104.46,35.17
Amsterdam,85.43,87.64,76.08,119.3,49.32
Berlin,109.02,84.91,48.79,66.14,25.25
Prague,53.09,69.47,83.28,100.69,42.17
Vienna,95.75,87.68,86.45,51.09,18.95
Madrid,60.98,72.18,37.42,103.64,47.17
Rome,40.3,87.12,74.82,86.98,45.39
Copenhagen,93.48,86.2,46.85,78.51,33.88
Prague,119.67,50.94,68.15,61.31,9.06
Lisbon,81.22,38.03,52.03,118.49,37.36
Lisbon,29.52,63.52,79.89,49.94,25.14
Amsterdam,61.08,48.05,91.35,112.23,37.96
Berlin,80.61,44.45,64.13,49.83,10.73
Prague,78.12,86.72,62.97,83.48,37.49
Dublin,117.7,48.98,54.28,116.14,32.18
Brussels,111.53,83.31,85.44,63.99,19.74
Oslo,53.78,55.89,33.44,46.19,21.14
Berlin,73.91,34.05,91.39,63.52,11.7
London,30.67,43.43,76.24,77.97,30.46
Madrid,51.35,42.8,98.48,65.05,18.74
Oslo,52.76,77.08,81.27,82.03,37.26
Warsaw,49.91,53.22,44.61,111.92,46.29
Helsinki,115.17,32.53,71.75,121.99,28.35
Oslo,25.74,32.64,51.23,56.17,21.99
Rome,97.11,71.86,58.62,58.09,19.51
Berlin,78.13,50.28,47.05,45.79,13.07
Vienna,56.29,36.98,65.37,69.91,21.26
Oslo,118.52,58.61,90.82,95.74,23.09
Lisbon,85.64,81.64,39.43,51.51,24.03
Warsaw,94.82,70.98,97.09,116.36,39.17
Oslo,31.0,75.61,61.43,58.82,33.87
Copenhagen,104.74,32.52,65.73,50.43,2.41
Vienna,79.08,84.85,41.17,67.76,32.63
Amsterdam,84.44,83.38,71.01,89.34,36.76
Warsaw,101.34,62.23,92.58,78.2,20.42
Helsinki,41.3,76.05,76.08,116.88,53.7
Lisbon,30.25,37.48,85.97,66.39,23.15
Lisbon,22.34,48.59,91.84,89.67,36.79
Zurich,100.37,60.37,44.43,86.21,28.08
Berlin,38.06,60.79,49.84,76.23,36.13
Madrid,75.1,62.12,34.43,54.15,21.83
Oslo,32.44,51.72,71.51,90.71,38.16
Madrid,20.58,73.85,65.5,97.38,50.44
Paris,97.87,73.0,63.55,102.59,37.01
Helsinki,79.94,34.32,74.45,126.48,37.46
Zurich,72.01,54.62,61.06,122.14,44.73
Rome,81.05,64.1,70.32,69.35,23.73
Paris,82.18,72.79,66.57,95.57,36.97
Copenhagen,65.1,78.36,55.67,46.89,23.68
Oslo,104.88,58.25,51.64,80.2,23.42
Amsterdam,85.17,60.36,39.64,125.29,47.23
Prague,43.7,66.26,88.15,59.2,26.0
Amsterdam,28.16,48.79,92.13,71.19,28.27
Berlin,70.56,79.55,62.65,54.63,25.34
Amsterdam,48.12,45.23,72.57,103.06,37.91
Madrid,26.25,77.47,35.22,42.01,31.27
Copenhagen,30.22,58.64,56.39,96.62,44.56
Madrid,66.89,36.51,77.29,70.73,18.14
Helsinki,40.04,57.04,30.29,70.42,34.24
Madrid,117.65,39.9,53.86,129.48,34.85
Dublin,61.76,40.67,51.66,127.3,45.6
Madrid,117.38,77.51,35.31,79.71,28.13
Stockholm,29.2,71.69,76.74,73.75,37.49
Vienna,27.14,77.56,81.26,80.84,42.05
Rome,66.14,51.32,94.62,106.2,35.19
Vienna,76.51,35.89,83.39,126.14,37.58
Dublin,44.35,53.27,98.41,85.68,31.54
Rome,63.63,57.84,81.23,68.36,23.85
Athens,43.48,51.06,59.83,65.15,26.7
Athens,71.0,42.39,70.15,110.27,35.61
Vienna,79.52,71.67,55.71,120.55,48.25
Stockholm,47.15,34.03,33.62,58.44,20.79
Copenhagen,32.52,36.47,69.96,55.24,19.54
Budapest,31.13,73.1,30.89,116.08,59.05
Paris,56.14,56.48,81.3,63.21,22.87
Vienna,81.2,69.32,44.96,49.12,19.71
Madrid,104.39,43.59,73.02,56.79,7.61
Amsterdam,64.32,42.21,35.88,66.93,22.98
Prague,107.13,89.82,95.32,62.59,21.02
Stockholm,119.5,60.23,89.04,126.37,35.81
Lisbon,106.81,47.82,73.97,97.4,24.55
Prague,46.72,58.46,50.63,60.21,27.21
Paris,26.42,45.38,73.42,98.43,40.36
Amsterdam,90.11,69.35,58.79,119.02,44.51
Athens,48.8,88.44,95.39,69.3,34.95
Budapest,28.74,48.28,91.53,67.21,26.47
Vienna,81.04,70.55,60.63,120.18,46.97
Lisbon,104.59,87.48,85.38,71.24,25.28
Warsaw,38.35,36.14,86.43,123.45,43.91
Dublin,35.99,50.33,67.18,102.52,42.19
Rome,91.57,79.44,96.28,49.24,15.59
Madrid,24.57,75.44,83.35,45.03,27.39
Berlin,88.75,46.19,68.9,87.44,24.19
Prague,79.29,79.81,50.57,73.72,32.52
Warsaw,52.02,59.27,85.46,73.83,28.36
Rome,70.04,54.41,94.04,72.69,21.99
Vienna,114.98,74.18,80.78,62.79,16.3
London,117.7,74.94,60.79,109.04,36.48
Paris,117.02,71.97,30.45,42.56,12.17
Rome,68.55,73.72,86.13,45.92,18.16
Brussels,21.89,50.54,80.51,104.02,44.34
Budapest,118.67,78.42,92.78,81.98,23.31
Stockholm,23.55,67.27,59.26,50.35,29.68
Lisbon,70.94,74.29,64.36,52.57,22.69
Amsterdam,71.74,84.58,89.4,113.1,47.33
Dublin,75.38,30.01,47.34,68.97,16.78
Stockholm,56.29,58.63,70.26,51.92,20.07
London,26.24,77.15,40.96,43.57,31.23
Madrid,35.77,67.7,96.42,49.37,23.26
Budapest,74.79,39.22,57.42,126.87,41.81
Dublin,52.16,87.7,61.9,81.49,42.28
Berlin,81.66,50.92,40.79,78.21,26.15
Amsterdam,101.51,47.47,77.19,52.15,7.08
Amsterdam,49.89,32.0,95.78,58.32,13.37
Stockholm,73.95,42.25,82.26,48.05,8.88
Lisbon,91.08,58.62,81.06,127.15,42.12
Warsaw,36.05,73.37,37.72,61.88,35.78
Stockholm,66.93,40.7,43.73,89.38,30.2
London,20.61,63.21,30.47,128.27,63.1
Athens,58.72,61.4,97.78,91.54,33.51
Zurich,74.64,38.15,87.96,63.48,13.11
Copenhagen,88.76,52.4,96.23,127.47,39.33
Vienna,59.17,87.49,53.67,52.55,30.07
Madrid,116.58,62.36,31.19,95.07,30.3
Oslo,94.8,84.57,99.93,79.62,28.27
London,21.32,87.74,84.34,97.36,52.57
Oslo,79.39,83.4,67.06,104.41,44.2
Berlin,69.56,77.99,67.19,73.36,32.11
Zurich,116.68,84.9,33.01,103.81,40.36
Amsterdam,25.09,44.81,57.45,103.62,44.13
Berlin,53.56,75.68,97.33,56.92,25.03
Budapest,79.47,65.02,53.72,116.78,44.95
Rome,83.68,35.19,86.66,110.57,29.38
Vienna,92.61,38.21,90.59,119.36,31.63
Helsinki,78.12,34.48,37.89,46.6,9.57
Athens,89.41,76.22,41.38,51.28,21.36
Prague,88.49,63.67,48.77,79.35,28.27
Zurich,22.34,47.66,71.29,126.66,53.36
London,93.67,55.98,66.06,97.17,30.32
Helsinki,115.09,35.28,91.71,95.28,16.51
Paris,95.02,41.88,89.13,96.75,23.35
Helsinki,74.98,34.76,47.65,112.24,35.56
Paris,115.73,78.58,44.2,92.74,33.1
Copenhagen,41.52,74.55,35.85,61.48,35.07
Zurich,31.83,53.17,52.7,106.4,46.88
Lisbon,110.24,52.46,41.45,128.56,40.97
Warsaw,26.9,68.25,97.43,107.29,48.27
Prague,46.68,77.5,84.62,81.06,37.88
Budapest,48.93,41.14,65.4,108.93,39.59
Prague,76.91,80.41,56.91,127.77,54.16
Lisbon,96.96,51.03,62.95,87.61,24.67
Oslo,55.44,89.92,53.76,89.5,46.31
Oslo,52.63,81.64,50.49,79.79,40.83
Copenhagen,20.57,70.24,69.73,92.07,46.81
Oslo,106.74,41.72,74.23,116.62,30.39
Madrid,21.06,89.12,55.58,49.43,36.74
Copenhagen,115.18,70.69,84.66,103.13,30.96
Warsaw,65.78,63.35,30.04,104.75,44.75
London,20.77,43.27,36.53,47.42,24.14
Madrid,47.51,61.38,35.96,59.24,29.01
Prague,98.31,59.99,64.34,89.74,27.8
Brussels,79.18,49.57,31.96,99.35,35.58
Copenhagen,115.34,46.17,81.02,90.12,18.73
Stockholm,108.84,78.74,59.0,129.75,47.85
Vienna,77.77,36.37,35.96,99.25,31.46
Athens,107.37,54.35,38.55,108.6,34.42
Budapest,31.02,62.68,65.91,87.36,40.95
London,98.9,82.33,64.91,91.01,34.83
Stockholm,116.74,72.36,72.12,121.67,39.82
London,114.15,46.76,35.16,48.13,6.93
Prague,93.23,51.86,66.76,83.19,23.51
Athens,72.27,58.75,81.03,94.86,33.01
Helsinki,79.17,69.54,53.72,68.76,27.16
Warsaw,115.16,36.88,86.23,116.21,25.89
Dublin,41.49,37.59,78.85,110.32,39.22
Dublin,85.42,89.35,99.22,58.35,23.14
Dublin,67.45,32.31,86.78,70.33,15.66
London,50.08,74.13,55.44,119.3,54.4
Vienna,78.55,38.48,38.91,52.55,12.96
Rome,108.35,84.15,83.79,82.05,28.02
Dublin,54.41,59.0,40.55,101.03,43.18
Vienna,45.16,88.26,52.99,60.21,36.23
Stockholm,114.96,62.87,70.31,88.34,24.17
Copenhagen,40.9,77.16,84.26,57.98,29.73
Athens,88.38,33.06,75.23,118.83,32.25
Warsaw,34.05,57.51,51.94,104.96,47.23
Brussels,102.18,32.67,56.5,105.42,25.88
Lisbon,23.64,30.68,52.15,59.58,23.09
Oslo,20.57,71.21,84.33,95.53,47.03
Oslo,34.34,49.06,36.02,78.54,35.66
Brussels,55.16,65.86,94.73,85.14,33.31
Rome,23.6,47.42,66.61,124.32,52.57
Vienna,54.17,57.42,59.17,66.36,27.02
Athens,28.3,32.42,74.46,80.46,28.8
Zurich,72.21,84.3,79.4,68.39,30.26
Zurich,53.98,46.86,81.3,42.39,12.09
Berlin,32.18,88.91,96.85,99.62,50.4
Warsaw,100.53,38.01,71.29,115.1,30.21
Helsinki,86.35,32.45,62.81,76.55,16.8
Madrid,62.93,62.05,85.71,80.19,29.53
Budapest,95.23,40.67,68.7,74.61,16.13
Oslo,104.88,61.04,64.52,126.6,41.52
Rome,24.27,44.85,90.64,73.53,28.95
Prague,56.54,34.93,62.24,72.77,22.06
Madrid,90.72,56.89,91.21,88.15,25.06
Dublin,106.63,53.53,90.88,84.72,19.53
Zurich,68.99,83.95,53.07,98.18,45.35
Madrid,116.14,38.82,55.43,91.03,19.29
Berlin,60.86,64.87,69.67,54.0,21.92
Budapest,66.51,59.53,83.84,65.06,22.2
Brussels,47.07,36.4,45.48,88.58,32.39
Athens,27.09,82.91,86.35,69.18,38.49
Helsinki,81.98,89.11,64.09,103.9,45.49
Lisbon,77.43,30.12,55.81,108.84,31.5
Vienna,102.59,86.06,43.58,100.32,41.07
Amsterdam,85.92,64.77,77.43,84.85,28.44
Prague,85.28,85.79,70.57,112.55,46.64
Zurich,72.06,52.88,52.97,97.6,35.19
Oslo,20.04,48.36,77.57,54.55,24.56
Rome,106.23,50.26,73.3,55.65,8.76
Athens,79.21,73.29,31.12,96.05,41.45
Brussels,117.57,79.64,99.2,40.99,6.85
Athens,28.78,57.57,81.15,72.8,32.52
Oslo,83.14,77.53,55.04,67.73,28.22
Helsinki,22.7,88.57,52.92,123.29,66.05
Copenhagen,91.02,51.87,53.19,103.52,33.45
Madrid,111.16,46.13,73.78,47.8,3.35
London,75.08,55.33,35.81,126.43,48.57
Oslo,91.68,54.54,61.79,45.7,10.13
Madrid,98.64,31.77,93.73,91.19,16.91
Stockholm,105.15,56.52,87.79,96.82,25.87
Vienna,55.85,69.83,30.83,113.85,52.24
Prague,74.0,61.06,92.79,99.15,33.9
Dublin,78.26,70.75,30.78,70.07,30.52
Copenhagen,70.41,44.61,99.17,56.82,12.11
Warsaw,84.82,36.4,80.1,76.91,16.71
Amsterdam,65.53,50.01,66.63,90.16,31.3
London,34.21,82.18,59.69,52.67,32.91
Warsaw,44.83,64.69,81.47,70.05,30.31
Lisbon,78.87,38.07,54.52,98.52,29.6
Lisbon,39.21,78.45,54.54,54.58,32.07
Helsinki,101.39,81.1,55.71,51.33,19.01
Oslo,67.33,52.32,99.0,96.93,31.1
Paris,100.7,65.71,36.14,99.24,35.65
Helsinki,23.01,34.59,56.78,113.59,45.53
Amsterdam,32.81,77.49,39.77,41.59,29.34
Budapest,49.41,38.42,88.69,94.73,30.67
Rome,112.28,56.69,70.56,115.63,33.75
Zurich,71.19,68.32,50.18,120.68,49.51
Warsaw,103.03,63.31,54.47,81.06,25.36
Paris,51.03,81.63,87.25,47.24,24.45
Stockholm,24.42,74.77,33.94,43.82,31.68
Oslo,101.4,32.39,75.97,72.42,10.81
Berlin,74.3,47.57,79.29,81.18,23.95
Oslo,104.26,48.74,93.1,52.57,5.49
Athens,51.9,64.92,55.89,125.29,53.62
London,98.95,35.73,52.57,114.49,31.47
Oslo,107.89,44.58,71.15,65.31,10.8
Copenhagen,67.71,73.46,73.98,67.85,28.24
Budapest,37.34,32.24,94.96,103.02,33.92
Madrid,69.9,88.21,51.84,78.61,38.74
Athens,45.35,75.93,48.58,89.21,44.53
Amsterdam,113.96,81.96,49.11,41.59,13.52
Prague,97.69,58.26,92.1,75.79,19.05
Amsterdam,105.57,72.25,91.61,80.42,23.57
Berlin,90.39,63.58,47.72,43.92,13.79
Lisbon,119.05,41.07,57.75,56.22,5.22
Berlin,36.48,52.17,61.37,46.86,20.96
Dublin,73.67,88.63,88.87,57.6,26.01
Paris,51.67,57.91,62.37,105.49,43.0
Copenhagen,56.81,33.54,62.06,59.2,16.17
Athens,98.05,65.14,31.15,46.88,15.57
Lisbon,46.98,58.66,76.0,47.24,19.5
Prague,39.32,65.44,32.01,126.83,59.3
Madrid,60.66,84.09,94.23,113.67,49.14
Helsinki,100.68,47.74,66.91,75.64,17.75
Copenhagen,105.49,66.73,44.79,120.92,42.81
Paris,109.83,54.47,76.2,97.36,25.7
Vienna,96.83,69.41,50.09,76.84,27.18
Zurich,59.88,68.74,81.39,55.31,22.63
Helsinki,44.88,64.13,89.07,83.58,34.79
Brussels,51.46,49.42,99.7,48.04,13.78
Budapest,86.87,80.05,56.01,54.66,22.9
Vienna,70.66,42.55,77.32,40.33,7.03
Berlin,29.91,52.95,68.14,98.86,42.63
Berlin,103.0,69.42,74.66,81.99,25.56
Athens,77.86,33.32,89.13,78.51,16.92
Madrid,59.27,55.98,91.91,72.48,24.74
Helsinki,111.72,75.5,33.55,69.03,24.56
Rome,60.04,50.54,59.14,81.05,29.66
Warsaw,116.9,85.97,62.39,96.7,34.85
Berlin,105.32,66.02,82.33,117.04,37.33
Rome,20.2,67.06,45.12,111.72,56.25
Berlin,41.2,68.78,39.95,121.87,57.15
Oslo,33.37,44.22,54.66,98.17,40.39
Rome,115.69,62.22,73.6,85.62,22.42
Dublin,101.01,73.05,63.07,125.64,45.66
Warsaw,85.72,38.15,48.64,123.12,38.69
Helsinki,74.5,51.19,85.81,88.81,27.4
Prague,79.4,80.33,61.57,82.34,35.0
Budapest,81.53,38.14,95.15,77.33,16.55
Rome,67.62,51.63,46.11,128.78,48.87
Dublin,119.1,71.29,58.35,57.22,14.62
London,109.61,80.0,95.23,128.75,44.05
Oslo,105.25,83.7,85.66,102.67,36.56
Helsinki,36.24,32.35,47.88,121.6,46.31
Lisbon,59.98,66.13,44.42,114.86,49.34
London,98.0,89.74,97.52,82.1,30.41
Amsterdam,35.38,54.23,61.74,123.3,52.34
Copenhagen,25.77,86.71,56.91,107.02,57.98
Dublin,89.34,77.11,82.59,120.69,45.28
Paris,22.97,68.13,86.2,87.82,42.35
Zurich,92.71,53.98,82.71,112.55,34.4
Lisbon,47.32,85.13,95.33,42.97,23.73
Paris,39.68,52.67,97.08,101.64,38.81
Prague,117.63,30.45,71.35,64.43,4.25
Oslo,94.79,44.7,95.74,64.34,10.61
Budapest,65.63,45.66,55.84,73.74,24.48
Amsterdam,21.65,89.34,76.33,61.3,39.36
Helsinki,29.11,46.61,64.76,103.97,43.27
Warsaw,57.79,81.92,93.76,47.31,22.57
Vienna,24.91,51.67,85.7,86.96,36.73
Vienna,94.48,53.73,31.93,94.8,31.95
Oslo,54.8,37.07,43.23,74.13,25.49
Paris,118.03,84.69,77.31,90.11,30.11
Berlin,24.97,78.32,59.57,91.91,49.31
Dublin,45.77,79.29,57.57,99.5,48.68
Vienna,28.24,75.46,54.49,75.41,41.7
Vienna,95.52,37.17,43.49,88.22,22.99
Oslo,113.89,69.59,99.63,42.96,5.32
Paris,68.58,62.27,60.06,126.52,49.57
Vienna,70.31,73.15,89.84,72.15,27.76
Berlin,46.05,70.88,81.06,91.38,40.5
Budapest,63.53,40.6,42.01,51.33,15.8
Berlin,46.29,88.61,55.27,55.36,33.94
Brussels,101.28,31.79,73.5,50.42,2.1
Warsaw,84.43,63.57,91.15,88.68,28.54
Madrid,40.02,30.65,32.9,66.67,24.57
Rome,56.81,31.3,40.06,68.29,21.34
Stockholm,50.04,68.34,48.8,93.31,42.94
Oslo,96.05,52.4,78.53,101.61,29.3
Vienna,80.63,75.61,71.5,120.85,47.75
Dublin,32.98,34.91,98.01,119.08,41.71
Warsaw,107.94,66.19,41.26,102.9,35.3
Lisbon,87.07,85.92,82.41,86.03,34.53
Prague,33.97,64.42,37.32,52.85,29.94
Rome,88.95,83.76,32.7,57.29,26.98
Stockholm,103.36,61.16,30.53,115.77,40.93
Vienna,44.13,57.61,60.52,100.67,42.67
Prague,41.82,44.16,81.03,95.94,35.16
Oslo,51.55,38.77,88.67,84.76,26.36
Stockholm,52.39,86.84,66.38,127.54,59.95
Athens,79.28,85.72,66.61,84.1,36.84
Lisbon,75.17,71.25,74.98,101.01,39.25
Warsaw,65.66,76.56,50.71,67.74,31.86
Zurich,33.78,49.48,94.58,73.81,28.15
Stockholm,29.8,75.63,36.75,48.66,32.52
London,46.35,88.31,30.12,41.24,30.71
Athens,44.26,36.52,99.77,116.09,38.56
Helsinki,34.75,36.32,82.43,73.02,24.91
London,88.37,52.61,87.89,87.58,24.35
Amsterdam,67.24,44.56,92.3,128.56,42.11
London,97.69,71.07,91.41,55.51,14.85
Rome,72.37,31.02,71.64,77.74,18.76
Brussels,82.01,47.19,74.5,60.44,14.48
Brussels,68.46,36.14,45.57,106.45,35.17
Dublin,105.0,53.74,70.73,119.12,35.7
Helsinki,93.32,74.37,43.83,70.62,27.51
Oslo,47.29,37.39,54.95,50.06,16.29
Brussels,29.45,47.51,89.53,107.28,42.32
Helsinki,57.87,78.24,78.6,100.12,44.09
Lisbon,94.18,84.69,90.49,41.61,14.17
Paris,23.11,32.11,32.24,68.55,29.21
Stockholm,49.72,52.97,54.04,97.05,39.36
Brussels,54.92,51.47,88.71,101.99,36.38
Prague,62.29,61.9,71.7,103.85,40.48
Brussels,96.7,40.59,81.43,41.93,1.47
Rome,35.21,80.45,95.42,87.62,42.6
Budapest,100.14,61.18,51.24,115.15,39.26
Oslo,95.41,72.46,86.97,128.52,45.37
Rome,88.95,78.04,49.78,61.96,25.43
Stockholm,116.11,61.01,57.19,41.92,6.13
Madrid,66.28,49.38,34.22,74.18,27.81
Vienna,115.16,78.38,55.49,117.88,42.09
Athens,59.91,84.24,89.03,57.88,27.54
Paris,55.1,66.33,87.27,80.07,32.18
Rome,91.26,73.99,44.09,119.83,47.47
London,113.32,36.46,78.43,120.41,28.6
London,95.74,39.32,39.92,120.21,36.74
Paris,100.55,49.87,99.44,87.43,19.88
Madrid,99.67,36.46,77.37,104.15,24.93
London,58.94,72.97,67.29,99.27,43.08
Stockholm,115.85,71.08,60.28,73.68,21.6
Berlin,45.62,79.02,60.56,126.32,59.05
Berlin,45.05,67.19,72.48,58.8,27.42
Rome,69.12,51.69,76.68,87.88,29.17
Warsaw,118.5,63.56,89.8,84.75,20.29
Budapest,107.72,43.53,35.93,102.78,29.03
Zurich,49.73,30.24,94.95,111.37,34.18
Rome,102.68,54.43,95.31,45.86,4.61
Lisbon,46.35,35.74,80.01,57.6,16.49
Rome,53.62,82.76,55.33,70.29,36.69
Vienna,51.1,56.32,53.14,73.28,30.67
Athens,23.83,32.58,80.81,96.13,35.38
Paris,30.24,47.7,35.38,51.75,25.42
Madrid,85.34,49.26,62.81,46.87,10.18
Dublin,57.62,71.47,63.68,54.13,25.2
Lisbon,87.02,58.79,99.35,64.0,15.9
Oslo,119.18,51.1,34.81,56.43,10.58
Oslo,86.57,64.14,86.84,94.54,31.06
Oslo,30.48,53.65,33.84,48.2,25.89
London,39.94,51.2,40.38,105.03,45.35
Budapest,25.58,55.21,47.42,53.07,27.93
Paris,83.1,87.6,74.06,45.64,20.51
Budapest,41.23,79.32,88.67,124.38,56.44
Paris,21.81,78.07,52.26,113.42,59.2
Paris,88.51,74.14,68.88,111.74,42.35
Helsinki,98.49,40.8,75.88,127.31,35.88
Brussels,64.03,31.86,79.33,115.62,35.07
Athens,63.06,50.07,75.37,68.94,22.45
Paris,84.72,36.1,78.86,115.72,32.29
Helsinki,37.71,54.3,71.39,88.93,37.18
Paris,98.72,52.88,32.89,119.96,40.81
Helsinki,28.62,51.14,63.49,65.45,29.45
Warsaw,76.45,36.87,59.17,41.57,6.48
London,68.47,42.06,38.66,103.59,36.49
Vienna,65.42,66.63,32.56,103.1,44.89
Oslo,87.48,37.98,82.24,97.45,24.65
Brussels,33.01,55.28,46.68,41.38,21.87
Rome,113.31,46.5,61.56,127.97,36.32
Paris,82.02,73.69,56.35,50.16,20.13
Rome,51.06,54.23,44.69,56.43,24.16
Athens,47.39,30.24,87.79,56.28,13.33
Helsinki,43.35,83.31,90.67,42.58,24.29
Prague,72.27,43.25,87.38,128.27,41.09
Vienna,107.6,46.29,30.93,60.95,13.65
Warsaw,107.31,81.78,87.07,119.31,42.09
Madrid,89.07,63.98,40.11,43.03,14.58
Dublin,91.97,76.08,40.12,44.06,18.04
Paris,39.17,57.17,47.02,99.44,44.39
Stockholm,107.78,77.72,32.1,75.43,28.72
Stockholm,112.25,55.36,73.09,51.0,7.25
Paris,57.99,68.17,31.5,98.0,44.9
Warsaw,49.0,71.79,91.16,103.46,44.01
Berlin,93.55,50.64,53.05,90.13,27.23
Stockholm,42.31,65.44,75.23,89.95,39.63
Brussels,87.86,70.29,74.86,97.61,35.07
Madrid,56.46,54.65,65.84,69.22,26.21
Prague,69.56,52.14,87.63,124.76,42.87
Rome,32.17,64.73,71.85,58.35,29.14
Prague,81.19,47.57,61.3,78.34,23.24
Budapest,83.93,50.23,31.37,84.95,29.13
Warsaw,20.3,88.65,92.89,119.37,60.99
Rome,103.89,83.42,75.24,69.66,24.59
Stockholm,28.73,73.88,76.56,55.89,31.12
Brussels,24.89,80.59,58.46,90.58,49.58
Vienna,114.08,40.37,67.07,97.01,21.39
Oslo,31.9,87.38,64.94,78.6,44.78
Rome,92.81,88.19,92.95,114.72,44.49
Rome,93.43,89.88,66.21,46.54,20.27
Zurich,109.45,59.75,39.65,93.87,29.62
Rome,109.37,49.05,64.56,73.31,15.71
Helsinki,64.9,62.09,34.24,79.86,34.17
Paris,105.16,56.95,79.04,63.69,13.62
Vienna,94.34,44.45,60.38,76.76,19.13
Lisbon,34.61,79.64,70.58,122.25,58.81
Stockholm,40.29,56.85,93.17,62.0,24.48
Madrid,75.16,70.82,50.33,42.3,18.1
Zurich,38.2,44.2,94.66,112.78,41.27
Prague,60.02,67.75,97.66,58.38,21.91
Madrid,80.46,75.43,83.41,120.16,46.26
London,90.16,78.29,79.16,126.05,47.96
Helsinki,32.87,77.31,38.76,68.87,40.29
Vienna,82.57,60.91,51.92,60.89,20.92
Rome,61.85,79.82,53.38,88.25,41.54
Helsinki,88.63,40.95,62.8,96.56,26.9
Lisbon,82.47,68.84,39.97,71.82,28.89
Copenhagen,61.45,72.52,48.16,58.26,27.95
Stockholm,52.32,50.27,30.94,114.49,47.32
Paris,46.91,52.15,53.87,51.56,21.5
Vienna,33.14,78.53,47.87,64.4,37.9
Oslo,20.96,86.47,63.53,61.49,39.99
Athens,89.13,38.22,68.47,129.82,38.72
London,116.65,42.34,67.17,111.1,27.09
Copenhagen,83.28,75.76,65.64,115.29,45.62
Zurich,48.49,55.55,78.8,102.47,40.07
Berlin,23.18,87.68,70.96,100.23,54.66
Prague,38.28,79.8,79.82,85.82,42.63
Lisbon,59.8,36.07,33.04,41.12,12.0
Amsterdam,27.84,52.81,90.42,50.08,21.27
Berlin,93.93,73.58,81.44,90.35,31.28
Berlin,43.28,54.46,72.7,109.5,44.21
Copenhagen,65.19,77.22,62.43,118.15,51.15
Warsaw,20.72,77.83,30.95,102.97,57.3
Madrid,91.42,46.57,58.51,124.63,39.69
Lisbon,58.32,70.12,92.94,82.45,33.06
Madrid,119.84,57.52,75.61,119.79,33.64
Oslo,51.57,71.12,76.25,75.03,33.41
Berlin,119.55,44.91,53.12,96.82,22.98
Athens,111.9,60.31,41.87,128.44,42.9
Budapest,94.07,87.69,85.04,66.07,25.42
Vienna,34.4,52.89,39.58,75.48,35.22
Vienna,94.22,87.0,71.55,71.12,28.55
Vienna,78.18,81.58,93.58,109.66,43.34
Vienna,45.29,55.07,80.34,62.08,24.26
London,60.98,48.56,86.32,93.62,31.19
Oslo,63.62,57.17,98.32,99.04,34.21
Amsterdam,79.06,47.16,67.34,47.45,10.58
London,69.33,59.94,48.41,127.8,50.4
Oslo,98.88,64.5,54.6,106.15,36.57
Berlin,52.58,81.97,60.11,45.43,26.24
Athens,32.64,48.74,54.92,111.64,47.26
Vienna,114.14,81.77,46.43,51.8,17.78
Stockholm,52.98,51.06,53.23,114.22,45.09
Lisbon,100.17,88.56,91.86,125.24,47.44
Helsinki,34.44,46.25,97.19,123.86,46.81
Lisbon,89.39,87.5,50.06,59.18,27.04
Madrid,62.46,42.53,81.0,78.2,23.45
Madrid,86.43,36.2,68.73,76.36,17.25
Amsterdam,31.76,84.68,50.27,72.6,43.06
Zurich,112.52,30.39,99.08,100.54,16.92
Vienna,93.04,77.51,96.37,84.21,28.69
Oslo,71.72,32.9,32.73,129.14,43.91
Zurich,98.43,45.44,61.57,73.54,17.2
Dublin,72.29,67.82,68.88,101.13,39.45
Brussels,42.5,38.21,45.73,119.45,46.17
Budapest,78.97,38.86,39.01,101.61,32.61
Stockholm,21.52,76.34,53.11,123.57,62.71
Paris,117.33,58.96,73.78,73.31,16.17
Athens,49.8,37.73,77.55,48.11,12.85
Lisbon,78.47,84.37,64.16,82.7,36.28
Dublin,78.38,38.7,79.72,94.72,25.85
Warsaw,119.93,85.44,46.78,68.59,24.4
Dublin,34.29,61.16,97.59,127.49,52.73
Paris,52.97,76.53,77.29,40.65,20.9
Madrid,101.7,69.63,54.83,119.7,42.95
Budapest,102.11,36.79,61.06,96.13,22.96
Copenhagen,46.36,82.39,92.76,90.82,42.5
Paris,31.6,48.99,35.54,92.4,41.78
Athens,112.46,62.71,69.9,58.9,12.89
Vienna,94.34,45.72,91.34,88.59,21.15
Amsterdam,66.35,39.35,48.06,112.89,38.89
Berlin,61.87,34.72,80.85,78.83,21.49
Madrid,63.85,66.99,71.85,124.56,49.97
Vienna,83.93,51.33,82.51,71.63,19.01
Stockholm,73.94,74.6,67.2,110.71,45.16
Berlin,31.42,73.63,46.28,78.25,42.48
Lisbon,30.88,31.91,43.5,93.46,36.43
Zurich,84.01,83.93,63.82,71.52,30.6
Vienna,62.64,42.91,70.67,98.96,32.86
London,62.07,45.02,79.72,57.84,16.26
Warsaw,69.83,62.3,99.71,103.42,36.12
Berlin,111.53,37.6,72.28,61.71,6.43
Berlin,57.9,60.84,57.7,93.79,38.42
Prague,57.93,55.12,43.05,116.03,47.06
Madrid,34.52,64.74,91.27,45.36,21.54
Paris,92.19,56.31,83.32,76.21,20.61
Amsterdam,27.99,79.09,48.29,101.5,53.9
Brussels,61.09,64.92,46.92,91.6,39.21
London,84.27,68.42,71.57,96.86,35.26
Copenhagen,82.98,39.99,74.56,96.17,26.41
Berlin,53.49,43.05,50.58,48.42,16.53
Oslo,91.15,78.17,76.86,77.74,28.63
Zurich,71.55,72.98,52.44,116.71,49.02
Rome,70.44,47.48,75.87,121.8,41.29
Zurich,118.28,62.23,57.2,41.82,6.02
Athens,76.26,88.64,76.9,120.84,51.99
Amsterdam,101.9,67.08,63.51,123.05,42.61
London,101.32,69.68,68.86,95.67,32.02
Madrid,59.87,86.53,70.63,75.07,36.95
Dublin,40.48,78.77,31.21,72.48,41.41
London,62.34,44.23,61.53,77.01,25.45
Oslo,50.57,64.71,38.59,76.83,36.17
Athens,55.43,71.73,88.19,44.17,19.28
Warsaw,108.65,37.21,98.85,93.3,16.87
Budapest,113.47,54.81,43.56,87.67,24.46
Prague,98.85,61.96,61.35,46.04,11.1
Prague,29.89,73.43,93.24,62.46,31.71
Madrid,66.15,70.61,36.25,109.68,48.2
London,109.31,44.78,30.36,91.33,25.07
Copenhagen,82.79,69.05,56.9,120.08,46.5
Helsinki,34.88,82.75,41.8,129.87,65.62
Prague,79.67,31.55,37.55,93.31,27.1
Helsinki,116.31,69.99,86.57,69.17,16.75
Paris,51.12,57.34,34.39,88.06,38.76
Helsinki,90.14,82.57,44.28,76.9,33.08
Oslo,100.1,54.4,95.19,101.1,27.22
Rome,70.81,47.36,45.9,61.31,19.98
London,68.74,48.57,46.23,78.54,27.62
Madrid,53.54,62.7,35.51,44.31,22.27
Vienna,114.82,58.3,81.15,88.57,21.84
Rome,113.77,60.68,94.63,77.78,17.1
Prague,111.1,71.9,53.55,120.22,42.08
Prague,102.32,80.66,59.44,63.18,23.06
Madrid,96.88,59.36,77.92,104.28,32.35
Oslo,42.67,76.73,79.9,113.17,51.76
Berlin,43.29,72.67,33.24,62.28,34.73
Budapest,47.7,71.54,92.34,69.83,30.62
Athens,107.9,68.12,70.01,107.15,34.72
Oslo,54.05,69.89,39.99,65.12,32.21
Athens,63.05,57.44,95.1,81.86,27.86
Amsterdam,95.38,43.82,65.42,92.19,24.4
Prague,84.94,79.79,98.35,79.2,28.79
Stockholm,38.37,77.81,31.81,41.86,29.23
Dublin,103.46,55.16,37.2,115.92,38.5
Vienna,38.33,35.41,81.94,41.23,11.26
Vienna,41.79,69.97,77.39,81.08,37.33
Zurich,91.63,30.34,77.11,122.65,32.13
Copenhagen,59.17,37.5,79.54,58.29,14.78
Copenhagen,101.83,68.55,39.82,66.21,22.7
London,69.63,82.23,73.25,65.82,29.75
Vienna,40.74,72.05,36.94,54.05,31.39
Amsterdam,65.71,63.5,81.01,115.79,44.12
Lisbon,27.64,69.06,88.12,115.76,52.68
Lisbon,94.68,63.04,75.29,75.52,22.65
Stockholm,91.38,66.86,56.16,112.79,41.28
Amsterdam,47.77,86.0,59.97,72.95,39.43
Zurich,59.91,61.33,49.27,40.44,17.67
Prague,103.53,46.87,42.04,69.05,16.77
Copenhagen,99.15,63.25,68.86,104.91,34.22
Vienna,107.05,84.58,98.87,89.16,29.74
Stockholm,82.24,35.75,48.17,47.36,8.4
Helsinki,23.07,73.47,73.73,41.68,26.73
Oslo,38.07,84.94,43.38,75.31,43.65
Copenhagen,103.43,51.87,51.01,48.54,9.19
Stockholm,94.96,40.09,95.35,98.13,22.75
Zurich,111.7,49.42,70.97,67.57,12.42
Budapest,100.61,87.21,62.86,50.43,19.93
Stockholm,72.24,30.12,83.56,113.6,31.67
Lisbon,41.7,79.85,40.95,90.01,47.52
Berlin,67.04,87.04,81.06,62.98,29.79
Copenhagen,85.63,32.53,59.69,102.93,27.84
Warsaw,90.59,62.72,40.05,87.95,31.87
Vienna,95.17,82.75,80.24,91.85,34.51
Amsterdam,38.0,87.11,43.56,125.41,64.34
London,114.12,86.02,44.47,70.89,26.89
Brussels,76.12,69.37,43.1,63.22,26.56
Berlin,110.14,85.11,82.2,70.33,23.42
Oslo,99.07,69.35,41.32,112.39,41.81
Copenhagen,34.08,44.28,86.84,51.99,18.58
Amsterdam,81.65,48.66,62.45,85.54,26.24
Helsinki,60.32,69.94,70.51,105.2,43.95
Oslo,117.32,46.6,30.32,69.66,15.35
Oslo,83.3,39.91,86.41,49.56,6.5
Brussels,95.4,53.21,33.86,117.56,40.52
Berlin,77.76,54.17,73.2,71.28,21.89
Oslo,31.61,61.61,78.64,47.85,23.44
Warsaw,58.42,77.71,78.74,65.37,29.9
Berlin,97.52,80.71,99.79,129.59,46.57
Copenhagen,57.82,34.02,97.52,124.7,38.77
Brussels,62.18,35.8,74.67,48.75,10.34
Zurich,52.89,49.0,70.26,85.66,31.36
Stockholm,76.56,68.59,35.21,89.69,37.62
Prague,66.13,40.78,88.3,73.03,19.39
Brussels,81.42,88.97,56.35,127.8,55.89
Copenhagen,46.1,59.63,93.1,126.32,49.89
Oslo,50.94,71.93,92.65,41.95,18.91
Copenhagen,70.23,80.34,52.81,49.66,24.64
Budapest,36.14,57.14,83.04,71.3,30.13
Stockholm,40.02,86.46,66.58,49.9,31.24
Oslo,86.7,54.48,86.6,117.18,37.22
Zurich,56.65,36.56,55.16,117.58,41.15
Amsterdam,73.27,58.97,82.93,115.02,40.75
Dublin,111.65,34.9,46.23,67.52,10.52
Warsaw,49.01,89.09,54.76,56.61,34.09
Oslo,90.53,79.54,92.97,117.6,43.5
Dublin,70.76,56.87,54.03,89.58,33.34
Stockholm,30.23,35.14,74.83,65.5,23.21
Prague,66.49,52.17,99.63,105.61,34.63
Budapest,24.19,74.8,37.55,42.01,30.65
Berlin,30.71,32.46,50.5,74.75,28.45
Madrid,97.43,44.25,43.57,73.71,18.92
Helsinki,86.7,34.91,49.54,108.23,31.47
Vienna,57.22,55.29,78.68,58.54,20.69
Copenhagen,113.76,43.03,42.93,63.83,11.4
Budapest,118.61,85.26,80.19,94.5,31.64
Zurich,30.58,40.99,38.5,86.11,36.77
Dublin,51.34,44.57,52.95,97.44,36.78
Prague,72.46,47.79,81.96,79.1,23.29
Athens,89.44,41.03,78.86,58.46,9.92
Copenhagen,58.01,65.23,65.54,50.49,21.61
Oslo,21.96,78.35,52.37,110.26,57.98
Copenhagen,46.47,81.52,62.47,90.92,45.28
Oslo,100.77,40.58,32.85,112.31,33.66
Amsterdam,77.49,40.38,32.28,75.34,23.52
Zurich,20.47,36.89,99.43,88.51,32.43
Warsaw,36.8,53.22,30.67,40.45,21.72
Lisbon,100.25,43.7,97.2,75.88,13.69
Berlin,94.79,84.39,43.3,128.19,53.31
Amsterdam,61.04,66.0,76.29,121.71,48.65
Berlin,44.36,75.89,70.51,127.46,57.83
Copenhagen,67.04,37.39,71.57,51.96,11.44
Zurich,119.97,37.18,85.86,93.33,15.91
Madrid,48.59,72.39,81.47,66.66,30.52
Rome,22.46,32.27,55.01,90.86,36.03
Vienna,79.85,84.92,48.95,47.38,23.56
Copenhagen,81.15,62.25,53.58,60.5,21.29
Berlin,61.88,63.0,37.59,59.59,26.6
Athens,82.37,53.61,35.72,91.11,32.48
Zurich,58.09,69.57,63.31,127.94,54.1
Stockholm,76.9,83.46,60.74,112.01,48.39
Warsaw,64.89,71.82,67.8,77.07,32.62
Dublin,61.02,79.57,55.79,41.35,22.63
Rome,92.18,33.48,89.42,81.65,15.33
Lisbon,22.32,38.99,78.75,125.04,49.37
Warsaw,51.04,66.62,89.09,91.86,37.61
Vienna,71.34,31.11,55.85,54.3,11.2
Warsaw,52.41,87.04,78.67,102.82,48.89
Stockholm,113.94,41.14,47.9,45.7,3.04
Zurich,32.27,65.41,38.92,88.22,44.56
Dublin,67.3,68.27,81.01,77.43,29.89
Prague,57.53,85.82,46.29,44.13,27.26
London,110.26,31.33,30.48,87.64,19.36
Vienna,77.59,41.96,57.07,117.05,38.18
Vienna,44.62,56.21,30.87,87.06,39.68
Prague,49.53,74.1,45.75,60.71,32.03
Rome,25.04,58.55,45.72,75.7,38.26
Dublin,38.7,77.11,82.29,124.25,56.86
Vienna,100.38,49.97,82.2,48.1,5.94
Budapest,62.62,64.61,44.75,72.31,31.31
Copenhagen,77.54,30.53,84.45,90.29,21.32
Paris,26.02,83.19,99.02,106.07,52.28
Vienna,104.77,51.54,87.1,87.82,20.93
London,88.49,64.86,57.64,42.32,12.92
Brussels,68.67,85.03,74.25,105.81,46.67
Budapest,54.59,78.29,54.28,74.6,36.98
Copenhagen,73.98,71.16,52.76,90.38,37.43
Lisbon,114.41,85.32,88.08,69.43,21.68
Paris,118.19,32.31,56.4,90.3,16.53
Zurich,100.51,35.39,58.3,45.69,2.96
Athens,90.11,67.31,39.85,95.3,36.31
Prague,108.68,85.73,56.09,78.16,29.64
Budapest,79.33,48.62,38.92,113.53,40.24
Copenhagen,65.97,39.74,93.92,72.48,18.33
Athens,98.87,32.99,49.97,96.15,23.59
London,98.42,76.09,98.5,79.42,25.06
Athens,21.57,36.82,89.25,51.09,18.24
London,97.73,56.61,94.05,46.87,6.78
Brussels,95.51,67.44,47.09,75.75,26.72
Vienna,63.43,69.0,73.34,119.05,48.3
Brussels,89.71,43.31,46.75,73.86,19.92
Oslo,96.09,62.44,49.76,42.74,11.63
Helsinki,118.87,30.52,66.93,96.1,17.13
Copenhagen,117.96,81.53,38.63,90.69,33.28
Brussels,44.49,38.62,41.53,71.13,26.99
Lisbon,104.52,68.81,66.8,128.0,44.26
Athens,38.04,69.42,49.85,49.38,27.98
Paris,23.13,34.15,95.32,97.51,35.09
Brussels,55.68,75.29,84.27,47.16,21.89
London,20.86,83.12,93.67,107.23,54.29
Athens,38.05,45.99,78.7,63.83,23.85
Vienna,51.37,58.14,44.6,110.56,46.93
Helsinki,100.85,72.84,72.4,111.58,39.07
Helsinki,102.42,33.2,66.27,78.32,14.18
Berlin,107.09,46.29,47.04,61.8,12.48
Prague,67.46,62.49,74.18,64.04,23.45
Prague,44.59,59.81,31.18,41.66,22.57
Dublin,98.75,55.14,50.57,85.04,25.75
Prague,70.08,43.72,63.72,121.76,41.43
Rome,67.7,56.97,62.58,124.86,47.24
Budapest,53.83,57.5,49.03,67.87,28.73
Stockholm,103.5,80.91,40.37,75.22,29.62
Warsaw,51.16,61.0,82.16,125.73,50.14
Dublin,84.92,45.26,67.83,102.83,30.94
Helsinki,37.56,72.15,94.99,106.28,47.15
Stockholm,117.11,87.09,81.88,41.04,10.93
Copenhagen,86.42,33.01,39.12,86.42,23.28
London,79.34,58.34,63.63,128.5,46.67
Brussels,86.16,47.69,67.03,128.95,41.95
Brussels,106.91,80.25,73.08,73.99,24.98
Amsterdam,71.61,63.44,82.03,85.79,30.82
Warsaw,117.87,87.58,78.02,112.49,39.89
Berlin,67.18,38.48,48.34,59.17,16.94
Madrid,53.77,40.83,84.43,71.87,21.8
Vienna,107.74,58.86,39.45,120.78,40.48
Madrid,28.52,73.48,63.55,126.34,60.52
Madrid,40.2,56.27,94.43,44.3,17.12
Rome,45.13,61.69,74.03,45.03,20.09
Rome,82.57,37.49,35.15,113.48,36.61
Athens,108.57,54.54,74.96,41.87,3.9
Lisbon,119.58,52.58,44.45,50.07,7.44
London,104.72,42.66,42.33,121.81,36.35
Warsaw,35.76,37.66,56.22,68.58,25.96
Warsaw,47.09,85.84,75.86,106.46,51.33
Dublin,30.02,56.13,52.82,117.19,52.43
Budapest,78.21,81.62,46.44,51.4,24.76
London,109.09,85.28,74.89,59.0,19.88
Athens,58.87,69.04,83.63,86.72,35.26
Dublin,71.26,85.24,97.29,119.92,49.56
Vienna,100.16,47.58,88.8,49.53,5.17
Copenhagen,114.64,57.1,35.04,109.4,34.46
Athens,67.31,39.45,95.26,108.77,32.35
Helsinki,59.54,61.94,42.69,108.35,45.74
Vienna,95.56,74.87,78.84,71.67,24.13
Brussels,81.9,73.38,49.27,96.19,39.18
Zurich,117.25,40.09,53.64,49.34,2.95
Vienna,41.33,46.39,37.23,51.03,22.34
Stockholm,92.4,69.19,79.7,41.87,11.05
Madrid,76.85,78.77,79.72,108.57,43.72
Budapest,67.13,68.26,30.25,110.44,48.2
Warsaw,57.4,65.28,95.78,75.01,28.53
Oslo,89.69,41.95,70.61,128.84,39.12
Berlin,95.55,58.94,33.04,41.98,12.06
Rome,85.58,83.22,47.7,123.47,52.47
Brussels,21.48,68.62,87.94,48.57,26.92
Athens,51.34,76.29,52.85,88.46,42.72
Vienna,49.71,53.99,70.18,88.18,34.51
Paris,117.06,42.58,64.22,70.22,11.03
Amsterdam,119.69,58.64,38.41,67.64,16.87
Copenhagen,21.29,30.46,35.26,87.31,36.28
Berlin,100.56,78.14,64.0,84.5,30.73
Lisbon,22.14,65.11,98.13,55.01,27.3
Vienna,70.2,44.59,41.3,99.21,34.89
Lisbon,114.05,55.42,83.56,115.98,31.85
Stockholm,21.29,73.62,46.08,102.37,54.17
Paris,45.65,64.07,68.05,129.69,55.16
Brussels,28.05,57.3,87.43,105.8,45.16
Oslo,59.71,79.34,95.62,42.94,19.47
Oslo,76.4,36.42,59.88,123.09,38.89
Zurich,43.44,57.71,35.09,67.94,32.29
Vienna,81.54,86.99,77.83,61.7,26.69
Lisbon,107.12,62.65,30.1,48.83,13.89
Helsinki,82.27,70.07,72.01,99.89,37.32
Warsaw,91.29,52.63,36.61,95.49,32.07
London,109.95,41.64,69.92,121.16,31.97
Lisbon,72.36,39.86,43.19,89.72,29.05
Amsterdam,59.74,55.3,88.41,99.81,35.73
Warsaw,92.07,69.01,86.77,86.86,28.36
Athens,100.47,86.34,45.56,82.65,34.31
Prague,32.03,33.21,90.91,79.02,26.07
Helsinki,43.73,36.1,60.96,116.66,42.65
Budapest,64.8,86.69,70.16,108.31,49.36
Zurich,57.04,89.48,64.96,90.22,45.03
Zurich,57.15,78.13,38.6,40.92,24.52
Rome,71.73,74.39,64.74,114.82,47.42
Athens,60.97,67.29,66.72,106.72,44.01
Prague,72.97,48.86,74.22,106.87,35.39
Helsinki,118.76,35.05,38.14,67.42,9.92
Madrid,114.16,49.4,66.39,126.24,35.84
Berlin,79.57,39.74,69.19,73.4,18.45
Prague,66.8,33.54,80.03,113.66,34.16
Helsinki,68.1,70.06,64.92,77.74,32.0
Lisbon,117.65,85.56,87.39,73.56,22.82
Vienna,26.19,36.37,47.35,68.51,28.34
Oslo,87.04,56.13,34.23,115.9,42.37
Rome,58.87,75.21,82.36,67.84,29.69
Madrid,101.94,47.16,57.39,104.65,29.88
Amsterdam,61.05,45.76,83.14,125.88,43.56
Budapest,45.4,62.73,48.59,76.35,35.42
Berlin,98.74,72.05,37.45,57.67,21.19
Warsaw,43.97,68.43,32.35,84.13,42.15
Zurich,111.81,80.65,35.77,118.66,45.72
Copenhagen,27.56,55.52,33.68,53.31,29.1
Madrid,86.58,54.45,95.51,117.1,36.31
Amsterdam,93.64,56.87,31.45,43.51,12.59
Berlin,95.61,78.88,51.28,65.52,25.62
Helsinki,31.21,39.04,90.32,104.92,38.41
Oslo,32.41,82.25,83.06,109.09,53.52
Warsaw,27.36,30.43,68.26,106.81,39.55
Paris,103.41,72.44,30.48,104.93,39.97
Madrid,71.99,48.25,30.97,119.07,44.61
Stockholm,30.06,80.07,67.06,125.54,61.52
Prague,61.89,39.7,91.47,121.2,38.87
Helsinki,104.94,68.78,53.7,99.92,34.24
Rome,94.81,71.62,42.37,73.72,27.77
Athens,76.27,51.35,74.89,44.7,10.54
Oslo,55.16,44.55,39.4,106.08,40.83
Stockholm,108.81,30.63,39.59,92.27,20.38
Dublin,73.28,84.21,97.92,82.09,33.65
Paris,113.47,43.58,91.93,117.88,28.34
Vienna,111.65,58.86,50.06,128.72,41.81
Paris,34.86,40.65,72.09,67.11,24.86
Budapest,50.39,68.73,79.75,59.69,26.44
Budapest,45.31,41.4,71.6,86.13,30.65
Rome,74.75,46.1,69.68,64.08,17.54
Prague,20.6,58.61,92.61,101.84,44.94
Prague,84.22,34.81,37.96,118.05,37.02
Lisbon,98.4,30.36,58.52,85.55,17.8
Prague,103.71,44.83,76.15,97.43,24.06
London,72.27,62.64,49.86,126.02,49.76
Dublin,50.75,42.82,78.98,83.78,28.31
Brussels,111.15,42.31,59.41,128.0,35.72
Stockholm,54.13,38.43,61.82,68.07,21.75
Berlin,89.85,43.23,87.94,129.5,38.01
Paris,108.48,57.42,72.77,125.85,38.59
Oslo,30.0,80.78,77.61,42.99,27.67
Budapest,114.7,33.13,79.68,40.98,-4.58
Oslo,30.28,75.61,60.97,75.78,40.84
Amsterdam,109.78,38.9,52.45,99.6,24.31
Helsinki,29.58,73.19,61.43,72.72,38.99
Oslo,106.3,58.48,42.39,124.47,41.83
Amsterdam,102.25,44.18,35.54,99.57,29.08
Vienna,111.95,31.33,61.52,49.88,0.81
Brussels,102.81,53.85,95.18,87.26,20.98
Amsterdam,91.71,47.01,67.75,80.9,21.35
Copenhagen,111.25,70.3,44.54,60.91,18.75
Rome,39.04,77.52,59.36,93.66,46.98
Stockholm,95.28,79.34,71.55,41.93,14.36
Rome,61.3,60.08,85.83,72.07,26.01
Athens,55.85,41.68,64.82,114.91,40.82
Stockholm,50.22,45.3,69.77,52.97,17.76
Dublin,42.31,89.61,96.01,89.43,44.59
Prague,33.28,84.22,56.96,101.07,53.34
Budapest,67.6,70.96,37.5,110.36,48.16
Paris,111.84,38.9,47.0,53.31,5.93
Warsaw,65.2,89.32,54.69,116.93,55.06
Paris,67.08,48.04,34.68,49.07,17.16
Copenhagen,114.25,88.16,76.02,81.94,28.77
Zurich,61.29,74.6,74.83,101.43,43.21
Helsinki,86.31,79.5,39.0,93.98,40.28
Berlin,31.33,55.42,82.05,87.68,37.23
Prague,81.91,74.79,77.86,77.6,29.31
Lisbon,55.02,76.27,74.03,121.54,53.09
Athens,99.7,33.21,83.97,52.45,2.61
Copenhagen,54.83,42.3,37.12,122.91,47.18
Prague,43.56,88.3,31.13,83.61,48.11
Paris,109.11,64.92,65.71,78.81,22.61
Athens,74.52,31.29,44.53,86.64,24.69
Rome,42.93,51.38,52.7,105.25,43.66
Warsaw,61.1,47.38,96.98,92.67,29.36
Copenhagen,29.06,56.8,91.35,44.01,19.7
Brussels,74.64,65.97,36.91,120.27,49.28
Warsaw,56.07,89.09,33.12,55.35,34.34
Paris,97.08,59.64,58.81,47.93,11.77
Lisbon,83.32,37.38,32.25,122.7,40.41
Helsinki,30.99,87.87,56.77,56.79,37.2
Lisbon,99.96,64.09,91.78,62.21,14.94
Copenhagen,45.34,88.88,52.2,110.34,56.51
Budapest,84.8,32.72,87.51,125.94,34.48
Amsterdam,57.53,31.48,92.32,69.14,16.36
Amsterdam,38.31,87.14,38.82,113.14,59.85
Paris,30.78,73.04,80.24,101.88,48.48
Helsinki,106.24,76.51,97.28,46.16,10.44
Budapest,94.77,49.84,87.82,88.62,22.66
Helsinki,45.36,61.38,99.21,63.83,24.95
Prague,78.26,70.73,83.0,122.76,46.37
Athens,109.57,33.63,78.04,87.65,15.43
London,97.24,57.73,54.05,123.77,41.97
Athens,68.91,42.75,43.42,102.5,35.7
Rome,45.1,71.7,43.78,122.26,57.02
Berlin,31.9,86.12,38.77,46.5,34.18
Oslo,70.62,73.78,89.25,46.34,17.62
Paris,106.34,88.27,98.66,117.03,42.16
Rome,88.58,71.98,97.58,48.07,13.35
Budapest,39.39,44.26,32.11,43.98,19.78
Helsinki,30.59,88.3,48.2,107.05,58.37
Stockholm,102.87,42.13,50.97,52.86,8.11
Amsterdam,72.34,69.0,40.93,94.21,39.82
Vienna,115.33,57.87,75.78,60.93,11.09
Berlin,80.27,88.66,58.09,112.89,49.89
London,53.32,43.35,32.13,127.76,50.23
Vienna,111.83,78.16,99.64,85.85,25.46
Prague,49.85,39.46,92.55,97.51,31.62
Amsterdam,102.94,45.85,36.87,69.06,17.1
Oslo,52.12,61.55,57.01,90.05,38.36
Vienna,40.35,76.63,63.08,64.73,34.5
Stockholm,64.35,59.17,37.96,97.58,40.12
Lisbon,112.36,59.72,50.79,41.57,6.99
Rome,109.98,44.27,53.47,109.31,29.66
Zurich,32.0,32.56,90.92,71.37,22.82
Oslo,31.35,77.17,90.56,42.98,25.02
Paris,101.79,74.55,42.7,75.68,28.01
Amsterdam,59.46,63.5,73.16,40.98,16.23
Budapest,80.54,54.5,31.11,51.32,17.66
Brussels,93.16,88.86,45.79,101.71,44.13
Paris,91.64,39.87,81.46,127.36,36.43
London,110.95,70.11,71.93,85.96,26.03
London,37.01,67.75,46.04,112.16,53.18
Copenhagen,30.37,32.55,73.63,103.58,37.76
Dublin,116.33,60.13,97.93,121.27,33.49
Lisbon,87.21,78.93,62.41,79.83,31.93
Warsaw,115.96,66.9,36.99,94.14,30.83
Vienna,100.73,74.55,44.55,113.19,43.04
Lisbon,96.9,40.23,48.45,95.66,26.11
Stockholm,76.32,48.08,94.63,116.84,36.43
Vienna,50.97,52.45,60.35,46.27,18.01
Warsaw,58.41,30.69,71.7,55.35,12.49
Madrid,49.75,37.28,60.95,93.05,32.36
Helsinki,53.05,59.99,54.95,101.67,42.56
Amsterdam,62.34,31.32,59.71,42.21,7.84
Prague,91.73,55.13,56.2,99.11,32.22
Copenhagen,73.89,87.19,35.77,107.62,50.85
Vienna,22.45,43.64,80.93,81.36,33.05
Berlin,43.88,62.94,53.69,50.63,24.99
Brussels,119.11,45.48,79.47,42.26,-1.22
Dublin,40.35,76.27,32.6,115.86,57.89
Warsaw,86.47,33.63,99.04,74.38,12.64
Oslo,100.78,83.02,70.94,111.52,42.26
Helsinki,73.91,57.97,75.26,83.28,28.4
Brussels,25.93,43.49,56.11,59.34,25.99
Lisbon,89.57,48.76,88.09,119.01,35.51
Berlin,20.3,51.91,88.24,103.68,44.16
Lisbon,95.8,40.87,87.31,115.13,30.42
Paris,64.59,78.28,88.08,81.35,34.3
Stockholm,21.8,85.01,43.7,91.5,53.37
